{
    "mass": 157,
    "level-specific": {
        "gs=X": {
            "v=0": {
                "N=1": {
                    "gfac": 	[0.0, 		-0.51, 		1.01, 		0.5],
                    "HFfreq": 	[-67.1338, 	-94.9467, 	22.7147, 	56.766],
                    "QuNrs": {
                        "J": 	[0.5, 		0.5,		1.5,		1.5],
                        "F": 	[0,			1,			1, 			2 ]
                    }
                }
            }
        },
        "exs=A": {
            "v=0": {
                "J=0.5": {
                    "gfac": 	[0.0,		-0.20272],
                    "HFfreq": 	[0.0,		0.0],
                    "QuNrs": {
                        "F": 	[0,			1]
                    }
                }
            },
            "Gamma": 2.8421
        }
    },
    "transition-specific": {
        "gs=X <- exs=A": {
            "vibrbranch": [
                [0.96748,	0.04107, 	0.0005 ],
                [0.03164, 	0.89385, 	0.08245],
                [ 0.00087, 	0.06238, 	0.81959],
                [ 9.76e-06,	0.00266,	0.09194],
                [ 1.2e-07, 	4e-05,		0.0054]
            ],
            "vibrfreq": [
                [859.83,	828.903, 	800.36 ],
                [895.699, 	862.188,	831.35],
                [934.37,	897.961, 	864.561],
                [976.181,	936.51,		900.238],
                [1021.52,	978.165,	938.663]
            ],
            "QuNrs_rows": {
                "v": [0, 1, 2, 3, 4]
            },
            "QuNrs_cols": {
                "v": [0, 1, 2]
            },
            "v=0 <- v=0": {
                "N=1 <- J=0.5": {
                    "dMat": [
                        [0.0,		-0.471405, 	-0.471405, 	-0.471405],
                        [-0.358076, -0.499284,	-0.499284, 	0.0],
                        [0.358076, 	0.499284,	0.0,		-0.499284],
                        [-0.358076,	0.0,		0.499284,	0.499284],
                        [0.452897,	-0.026749,	-0.026749,	0.0],
                        [-0.452897,	0.026749,	0.0,		-0.026749],
                        [0.452897,	0.0,		0.026749,	0.026749 ],
                        [0.0,		0.408248,	0.0,		0.0],
                        [0.0,		-0.288675,	0.288675,	0.0],
                        [0.0, 		0.166667, 	-0.333333,	0.166667],
                        [0.0, 		0.0,		0.288675,	-0.288675 ],
                        [0.0, 		0.0, 		0.0,		0.408248]
                    ],
                    "QuNrs_rows": {
                        "J": [0.5, 	0.5, 	0.5,	0.5, 	1.5,	1.5, 	1.5,	1.5,	1.5,	1.5,	1.5, 	1.5],
                        "F": [0,	1, 		1,		1,		1,  	1,		1,		2,		2, 		2, 		2, 		2],
                        "mF": [0,	-1,		0,		1,		-1, 	0,  	1, 		-2,  	-1, 	0, 		1,		2]
                    },
                    "QuNrs_cols": {
                        "F": [0, 	1, 	1, 1],
                        "mF": [0, 	-1,	0, 1]
                    }
                }
            }
        }
    }
}