{
    "mass": 190,
    "level-specific": {
        "gs=X": {
            "v=0": {
                "N=1": {
                    "gfac": 	[ 0.3127,  0.2502,  0.4302, -0.2632, -0.2291, -0.4999],
                    "HFfreq": 	[   0.0 ,  668.5, 1012.8, 5727.4, 6339.5, 6588.1],
                    "QuNrs": {
                        "G": 	[3, 	3, 		3, 		2, 		2, 		2],
                        "F": 	[3,		4,		2, 		2,		3,		1]
                    }
                }
            }
        },
        "exs=A": {
            "v=0": {
                "J=0.5": {
                    "gfac": 	[ 0.0001, -0.0002],
                    "HFfreq": 	[  0.0 , 164.1],
                    "QuNrs": {
                        "F": 	[2,			3]
                    }
                }
            },
            "Gamma": 50
        }
    },
    "transition-specific": {
        "gs=X <- exs=A": {
            "vibrbranch": [
                [0.8944],
                [0.0911]
            ],
            "vibrfreq": [
                [577.245],
                [596.000]
            ],
            "QuNrs_rows": {
                "v": [0, 1]
            },
            "QuNrs_cols": {
                "v": [0]
            },
            "v=0 <- v=0": {
                "N=1 <- J=0.5": {
                    "dMat_red": [
						[ 1.574786, -0.066666],
						[ 0.0     ,  0.995454],
						[ 1.136041, -1.249833],
						[-0.337893, -1.349943],
						[ 0.77125 , -1.59616 ],
						[ 0.721029,  0.0     ]
					],
                    "QuNrs_rows": {
                        "G": 	[3, 	3, 		3, 		2, 		2, 		2],
                        "F": 	[3,		4,		2, 		2,		3,		1]
                    },
                    "QuNrs_cols": {
                        "F": [2, 	3]
                    }
                }
            }
        }
    }
}