{
    "mass": 156,
    "level-specific": {
        "gs=X": {
            "v=0": {
                "N=1": {
                    "gfac": [
                        -0.205533,
                        -0.290752,
                        -0.421835,
                        -0.21971,
                        0.092591,
                        1.037516,
                        0.424908,
                        0.598946,
                        0.321063,
                        0.399272,
                        0.286
                    ],
                    "HFfreq": [
                        -2934.0,
                        -2927.115714,
                        -2907.530064,
                        -2906.812683,
                        -2819.641177,
                        1662.251346,
                        1691.708615,
                        1714.939429,
                        1738.661293,
                        1769.849206,
                        1803.431781
                    ],
                    "QuNrs": {
                        "G": [
                            1,
                            1,
                            1,
                            1,
                            1,
                            2,
                            2,
                            2,
                            2,
                            2,
                            2
                        ],
                        "F1": [
                            2,
                            1,
                            1,
                            2,
                            0,
                            1,
                            1,
                            2,
                            2,
                            3,
                            3
                        ],
                        "F": [
                            2.5,
                            1.5,
                            0.5,
                            1.5,
                            0.5,
                            0.5,
                            1.5,
                            1.5,
                            2.5,
                            2.5,
                            3.5
                        ]
                    }
                }
            }
        },
        "exs=A": {
            "v=0": {
                "J=0.5": {
                    "gfac": [
                        -0.0992,
                        -0.076956,
                        0.041063,
                        0.11462
                    ],
                    "HFfreq": [
                        -116.0,
                        -101.828911,
                        -36.114592,
                        -28.245616
                    ],
                    "QuNrs": {
                        "F1": [
                            2,
                            2,
                            1,
                            1
                        ],
                        "F": [
                            1.5,
                            2.5,
                            1.5,
                            0.5
                        ]
                    }
                }
            },
            "Gamma": 2.8421
        }
    },
    "transition-specific": {
        "gs=X <- exs=A": {
            "v=0 <- v=0": {
                "N=1 <- J=0.5": {
                    "dMat_red": [
                        [
                            -0.442941,
                            -1.442124,
                            0.439253,
                            0.0
                        ],
                        [
                            0.437382,
                            -0.907627,
                            -0.139553,
                            0.328912
                        ],
                        [
                            0.638345,
                            0.0,
                            -0.123612,
                            -0.182911
                        ],
                        [
                            1.056016,
                            0.152764,
                            0.482442,
                            0.21822
                        ],
                        [
                            -0.023151,
                            0.0,
                            -0.42524,
                            0.33359
                        ],
                        [
                            -0.790284,
                            0.0,
                            -0.471154,
                            -0.512745
                        ],
                        [
                            -0.598264,
                            -0.830885,
                            0.278699,
                            -0.963908
                        ],
                        [
                            0.00267,
                            0.781609,
                            -0.89328,
                            -0.711784
                        ],
                        [
                            -0.033767,
                            0.580921,
                            -1.444435,
                            0.0
                        ],
                        [
                            1.050439,
                            -0.04893,
                            -0.41586,
                            0.0
                        ],
                        [
                            0.0,
                            -1.195132,
                            0.0,
                            0.0
                        ]
                    ],
                    "QuNrs_rows": {
                        "G": [
                            1,
                            1,
                            1,
                            1,
                            1,
                            2,
                            2,
                            2,
                            2,
                            2,
                            2
                        ],
                        "F1": [
                            2,
                            1,
                            1,
                            2,
                            0,
                            1,
                            1,
                            2,
                            2,
                            3,
                            3
                        ],
                        "F": [
                            2.5,
                            1.5,
                            0.5,
                            1.5,
                            0.5,
                            0.5,
                            1.5,
                            1.5,
                            2.5,
                            2.5,
                            3.5
                        ]
                    },
                    "QuNrs_cols": {
                        "F1": [
                            2,
                            2,
                            1,
                            1
                        ],
                        "F": [
                            1.5,
                            2.5,
                            1.5,
                            0.5
                        ]
                    }
                }
            },