{
    "mass": 156,
    "level-specific": {
        "gs=X": {
            "v=0": {
                "N=1": {
                    "gfac": [
                        -0.205533,
                        -0.290752,
                        -0.421835,
                        -0.21971,
                        0.092591,
                        1.037516,
                        0.424908,
                        0.598946,
                        0.321063,
                        0.399272,
                        0.286
                    ],
                    "HFfreq": [
                        -2934.0,
                        -2927.115714,
                        -2907.530064,
                        -2906.812683,
                        -2819.641177,
                        1662.251346,
                        1691.708615,
                        1714.939429,
                        1738.661293,
                        1769.849206,
                        1803.431781
                    ],
                    "QuNrs": {
                        "G": [
                            1,
                            1,
                            1,
                            1,
                            1,
                            2,
                            2,
                            2,
                            2,
                            2,
                            2
                        ],
                        "F1": [
                            2,
                            1,
                            1,
                            2,
                            0,
                            1,
                            1,
                            2,
                            2,
                            3,
                            3
                        ],
                        "F": [
                            2.5,
                            1.5,
                            0.5,
                            1.5,
                            0.5,
                            0.5,
                            1.5,
                            1.5,
                            2.5,
                            2.5,
                            3.5
                        ]
                    }
                }
            }
        },
        "exs=A": {
            "v=0": {
                "J=0.5": {
                    "gfac": [
                        -0.102674,
                        -0.076965,
                        0.044526,
                        0.11464
                    ],
                    "HFfreq": [
                        -116.0,
                        -105.476684,
                        -38.513439,
                        -31.744193
                    ],
                    "QuNrs": {
                        "F1": [
                            2,
                            2,
                            1,
                            1
                        ],
                        "F": [
                            1.5,
                            2.5,
                            1.5,
                            0.5
                        ]
                    }
                }
            },
            "Gamma": 2.8421
        }
    },
    "transition-specific": {
        "gs=X <- exs=A": {
            "v=0 <- v=0": {
                "N=1 <- J=0.5": {
                    "dMat_red": [
                        [
                            -0.431407,
                            -1.442168,
                            0.450544,
                            0.0
                        ],
                        [
                            0.433595,
                            -0.907406,
                            -0.1509,
                            -0.329027
                        ],
                        [
                            0.635001,
                            0.0,
                            -0.13996,
                            0.182862
                        ],
                        [
                            1.068221,
                            0.152938,
                            0.45491,
                            -0.218227
                        ],
                        [
                            -0.034166,
                            0.0,
                            -0.424433,
                            -0.333699
                        ],
                        [
                            -0.802258,
                            0.0,
                            -0.450464,
                            0.512771
                        ],
                        [
                            -0.590814,
                            -0.830874,
                            0.29416,
                            0.96398
                        ],
                        [
                            -0.020458,
                            0.781595,
                            -0.89286,
                            0.711579
                        ],
                        [
                            -0.071316,
                            0.580891,
                            -1.443159,
                            0.0
                        ],
                        [
                            1.039204,
                            -0.048601,
                            -0.443191,
                            0.0
                        ],
                        [
                            0.0,
                            -1.195264,
                            0.0,
                            0.0
                        ]
                    ],
                    "QuNrs_rows": {
                        "G": [
                            1,
                            1,
                            1,
                            1,
                            1,
                            2,
                            2,
                            2,
                            2,
                            2,
                            2
                        ],
                        "F1": [
                            2,
                            1,
                            1,
                            2,
                            0,
                            1,
                            1,
                            2,
                            2,
                            3,
                            3
                        ],
                        "F": [
                            2.5,
                            1.5,
                            0.5,
                            1.5,
                            0.5,
                            0.5,
                            1.5,
                            1.5,
                            2.5,
                            2.5,
                            3.5
                        ]
                    },
                    "QuNrs_cols": {
                        "F1": [
                            2,
                            2,
                            1,
                            1
                        ],
                        "F": [
                            1.5,
                            2.5,
                            1.5,
                            0.5
                        ]
                    }
                }
            },