{
    "mass": 59,
	
    "level-specific": {
        "gs=X": {
            "v=0": {
                "N=1": {
                    "gfac": 	[0.0, 		-0.3217, 	-0.8222, 	0.5005],
                    "HFfreq": 	[-22.9, 	-97.6,	 	23.9,	 	48.8],
                    "QuNrs": {
                        "J": 	[0.5, 		0.5,		1.5,		1.5],
                        "F": 	[0,			1,			1, 			2 ]
                    }
                }
            }
        },
        "exs=A": {
            "v=0": {
                "J=0.5": {
                    "gfac": 	[0.0,		-0.20272],
                    "HFfreq": 	[0.0,		0.0],
                    "QuNrs": {
                        "F": 	[0,			1]
                    }
                }
            },
            "Gamma": 8.29
        },
        "exs=B": {
            "v=0": {
                "N=0": {
                    "gfac": 	[0.0,		1],
                    "HFfreq": 	[-20.0,		0.0],
                    "QuNrs": {
                        "J": 	[0.5, 		0.5],
                        "F": 	[0,			1]
                    }
                }
            },
            "Gamma": 6.34
        }
    },
	
    "transition-specific": {
        "gs=X <- exs=A": {
            "vibrbranch": [
                [0.978,		0.0223, 	1.74e-5,	4.22e-7],
                [0.0216, 	0.935,  	0.0435 ,	4.58e-5],
                [0.000711, 	0.0407, 	0.895  ,	0.636],
                [2.67e-5,	0.00201,	0.00575,	0.858],
                [1.11e-6, 	0.0001,		0.0038 ,	0.0723]
            ],
            "vibrfreq": [
                [606.3376, 585.4488, 566.1455, 548.2567],
				[628.5507, 606.1316, 585.4645, 566.3546],
				[652.2087, 628.1025, 605.9374, 585.491 ],
				[677.4556, 651.4842, 627.6694, 605.7566],
				[704.4555, 676.4156, 650.779 , 627.2531]
            ],
            "QuNrs_rows": {
                "v": [0, 1, 2, 3, 4]
            },
            "QuNrs_cols": {
                "v": [0, 1, 2, 3]
            },
            "N=1 <- J=0.5": {
				"dMat": [
					[0.0,		-0.471405, 	-0.471405, 	-0.471405],
					[-0.358076, -0.499284,	-0.499284, 	0.0],
					[0.358076, 	0.499284,	0.0,		-0.499284],
					[-0.358076,	0.0,		0.499284,	0.499284],
					[0.452897,	-0.026749,	-0.026749,	0.0],
					[-0.452897,	0.026749,	0.0,		-0.026749],
					[0.452897,	0.0,		0.026749,	0.026749 ],
					[0.0,		0.408248,	0.0,		0.0],
					[0.0,		-0.288675,	0.288675,	0.0],
					[0.0, 		0.166667, 	-0.333333,	0.166667],
					[0.0, 		0.0,		0.288675,	-0.288675 ],
					[0.0, 		0.0, 		0.0,		0.408248]
				],
				"QuNrs_rows": {
					"J": [0.5, 	0.5, 	0.5,	0.5, 	1.5,	1.5, 	1.5,	1.5,	1.5,	1.5,	1.5, 	1.5],
					"F": [0,	1, 		1,		1,		1,  	1,		1,		2,		2, 		2, 		2, 		2],
					"mF": [0,	-1,		0,		1,		-1, 	0,  	1, 		-2,  	-1, 	0, 		1,		2]
				},
				"QuNrs_cols": {
					"F": [0, 	1, 	1, 1],
					"mF": [0, 	-1,	0, 1]
				}
            }
        },
		"gs=X <- exs=B": {
            "vibrbranch": [
				[0.998,     0.00195,   1.66e-5,   1.16e-6],
                [0.00192,   0.993,     0.00457,   4.11e-5],
                [5.02e-5,   0.00442,   0.988,     0.00792],
                [2.97e-8,   0.000157,  0.00757,   0.98   ],
                [3.39e-9,   7.98e-8,   0.000326,  0.0114 ]
            ],
            "vibrfreq": [
                [530.999, 515.531, 501.193, 487.765],
			    [547.604, 531.297, 516.082, 501.855],
			    [565.252, 547.893, 531.728, 516.638],
			    [583.888, 565.385, 548.187, 532.162],
			    [603.596, 583.843, 565.522, 548.484]
            ],
            "QuNrs_rows": {
                "v": [0, 1, 2, 3, 4]
            },
            "QuNrs_cols": {
                "v": [0, 1, 2, 3]
            },
            "N=1 <- N=0": {
				"dMat": [
					[0.0,		-0.471405, 	-0.471405, 	-0.471405],
					[-0.358076, -0.499284,	-0.499284, 	0.0		 ],
					[0.358076, 	0.499284,	0.0,		-0.499284],
					[-0.358076,	0.0,		0.499284,	0.499284 ],
					[0.452897,	-0.026749,	-0.026749,	0.0	 	 ],
					[-0.452897,	0.026749,	0.0,		-0.026749],
					[0.452897,	0.0,		0.026749,	0.026749 ],
					[0.0,		0.408248,	0.0,		0.0 	 ],
					[0.0,		-0.288675,	0.288675,	0.0 	 ],
					[0.0, 		0.166667, 	-0.333333,	0.166667 ],
					[0.0, 		0.0,		0.288675,	-0.288675],
					[0.0, 		0.0, 		0.0,		0.408248 ]
				],
				"QuNrs_rows": {
					"J": [0.5, 	0.5, 	0.5,	0.5, 	1.5,	1.5, 	1.5,	1.5,	1.5,	1.5,	1.5, 	1.5],
					"F": [0,	1, 		1,		1,		1,  	1,		1,		2,		2, 		2, 		2, 		2],
					"mF": [0,	-1,		0,		1,		-1, 	0,  	1, 		-2,  	-1, 	0, 		1,		2]
				},
				"QuNrs_cols": {
					"F": [0, 	1, 	1, 1],
					"mF": [0, 	-1,	0, 1]
				}
            }
        }
    }
}